{
    "0.0": {
        "precision": 0.9998371287275312,
        "recall": 0.9898561984197951,
        "f1-score": 0.9948216298238765,
        "support": 68219.0
    },
    "1.0": {
        "precision": 0.9899563128637571,
        "recall": 0.9998387522354804,
        "f1-score": 0.9948729916786394,
        "support": 68218.0
    },
    "accuracy": 0.9948474387446221,
    "macro avg": {
        "precision": 0.9948967207956441,
        "recall": 0.9948474753276377,
        "f1-score": 0.9948473107512579,
        "support": 136437.0
    },
    "weighted avg": {
        "precision": 0.9948967570058211,
        "recall": 0.9948474387446221,
        "f1-score": 0.9948473105630324,
        "support": 136437.0
    }
}